{
  "fuelFlowBetas" : [
	1.03
],
  "fuelFlowQstar" : 4.13029033299995e-05,
  "weightBetas" : [
    0.75063,
       51.546,
      -3.9281,
   3.2122e+05,
  -3.1193e+05,
       773.43,
      -42.015,
   1.4069e+05,
        14687,
      -908.78,
      -42.928,
       395.89,
  -1.4643e+05
  ]
}
