{
  "_version": 0.1,
  "_date": "2017-04-10T00:00:00.000Z",
  "tail":"XAZAM",
  "fuelFlowBetas" : [
1.045018
],
  "fuelFlowQstar" : 4.26E-05,
  "weightBetas" : [
0.333371831,
-760.4793485,
4.187238524,
1497887.783,
-1578008.98,
-596.9995115,
-328.6055463,
886071.0062,
30268.69564,
-1150.984364,
409.6078233,
-4477.49179,
-537149.7944
  ]
}
